1,1,Rock Climbing
2,1,Mountain Hiking
3,2,Scuba Diving
4,2,Snorkeling
5,3,Museum Tours
6,3,Art Exhibitions
7,4,Amusement Park Visits
8,4,Family Picnics
9,5,Private Yacht Cruises
10,5,Luxury Spa Treatments
11,6,Ancient Ruin Tours
12,6,Archaeological Excursions
13,7,Forest Walks
14,7,Camping Trips
15,8,Safari Game Drives
16,8,Bird Watching
17,9,Bungee Jumping
18,9,Paragliding
19,10,Eco Tours
20,10,Sustainable Travel Experiences
21,1,Alpine Skiing
22,1,Winter Snowshoeing
23,2,Shark Cage Diving
24,2,Underwater Photography
25,3,Cultural Immersion Tours
26,3,Historical City Walks
27,4,Zip Lining
28,4,Water Parks
29,5,Wine Tasting Tours
30,5,Gourmet Dining Experiences
31,6,Volcano Tours
32,6,Jungle Expeditions
33,7,Wildlife Safaris
34,7,Forest Zip Line
35,8,Night Safaris
36,8,Big Cat Tracking
37,9,Extreme Sports
38,9,Helicopter Tours
39,10,Wildlife Photography Workshops
40,10,Sustainable Hiking
41,1,Canoeing and Kayaking
42,1,Climbing Expeditions
43,2,Coral Reef Exploration
44,2,Deep Sea Fishing
45,3,Walking Tours of Historic Sites
46,3,Food and Wine Pairing Experiences
47,4,Theme Park Roller Coasters
48,4,Swimming with Dolphins
49,5,Hot Air Balloon Rides
50,5,Private Helicopter Tours
