3,Active
4,Pending Verification
7,Active
9,Inactive
13,Suspended
14,Active
17,Pending Verification
19,Active
21,Suspended
24,Active
25,Inactive
27,Pending Verification
29,Active
32,Suspended
33,Active
36,Inactive
38,Active
39,Pending Verification
42,Suspended
43,Active
46,Inactive
48,Active
49,Pending Verification
51,Suspended
52,Active
53,Inactive
54,Pending Verification
55,Suspended
56,Active
57,Inactive
58,Pending Verification
59,Suspended
60,Active
61,Inactive
62,Pending Verification
63,Suspended
64,Active
65,Inactive
66,Active
67,Suspended
68,Active
