2,User2,password2,41
3,User3,password3,41
4,User4,password4,41
6,User6,password6,41
7,User7,password7,41
9,User9,password9,41
10,User10,password10,41
12,User12,password12,41
13,User13,password13,41
14,User14,password14,41
16,User16,password16,41
17,User17,password17,41
19,User19,password19,41
20,User20,password20,41
21,User21,password21,41
22,User22,password22,41
24,User24,password24,41
25,User25,password25,41
26,User26,password26,41
27,User27,password27,41
29,User29,password29,41
30,User30,password30,41
32,User32,password32,41
33,User33,password33,41
34,User34,password34,41
36,User36,password36,41
37,User37,password37,41
38,User38,password38,41
39,User39,password39,41
40,User40,password40,41
42,User42,password42,41
43,User43,password43,41
44,User44,password44,41
46,User46,password46,41
47,User47,password47,41
48,User48,password48,41
49,User49,password49,41
50,User50,password50,41
51,User51,password51,41
52,User52,password52,41
53,User53,password53,41
54,User54,password54,41
55,User55,password55,41
56,User56,password56,41
57,User57,password57,41
58,User58,password58,41
59,User59,password59,41
60,User60,password60,41
61,User61,password61,41
62,User62,password62,41
63,User63,password63,41
64,User64,password64,41
65,User65,password65,41
66,User66,password66,41
67,User67,password67,41
68,User68,password68,41
69,User69,password69,41
70,User70,password70,41
